<?xml version="1.0" encoding="UTF-8"?>
<!DOCTYPE hibernate-configuration PUBLIC
		"-//Hibernate/Hibernate Configuration DTD 3.0//EN"
		"http://www.hibernate.org/dtd/hibernate-configuration-3.0.dtd">
<hibernate-configuration>
    <session-factory>
        <property name="hibernate.connection.driver_class">com.mysql.jdbc.Driver</property>
        <property name="hibernate.connection.password">root</property>
        <property name="hibernate.connection.url">jdbc:mysql://localhost:3306/cmsinfinite</property>
        <property name="hibernate.connection.username">root</property>
        <property name="hibernate.dialect">org.hibernate.dialect.MySQLDialect</property>
        <mapping class="com.java.hib.cms.Menu" />
        <mapping class="com.java.hib.cms.Customer" />
        <mapping class="com.java.hib.cms.Vendor" />
        <mapping class="com.java.hib.cms.Wallet" />
         <mapping class="com.java.hib.cms.Orders" />
    </session-factory>
</hibernate-configuration>
